Word,Start (s),End (s)
it's,0.8,1.3
four,1.3,1.7000000000000002
in,1.7000000000000002,1.8
a,1.8,1.9
row,1.9,1.9
yeah,6.9,7.3
that's,7.3,7.5
it,7.5,7.6
