Word,Start (s),End (s)
kale,0.2,0.7000000000000001
is,0.7000000000000001,1.0
5,1.0,2.2
blocks,2.2,2.7
just,4.0,4.5
like,4.5,4.7
the,4.7,4.8
number,4.8,5.0
5,5.0,5.6
on,5.6,5.7
dice,5.7,6.3
1,6.3,7.0
2,7.0,7.3
3,7.3,7.8
4,7.8,8.0
5,8.0,8.5
except,11.2,11.9
they're,11.9,12.0
spread,12.0,12.4
out,12.4,12.5
a,12.5,12.7
little,12.7,13.0
more,13.0,13.1
quite,14.5,15.4
a,15.4,15.5
bit,15.5,15.5
more,15.5,15.8
just,18.3,18.7
like,18.7,18.9
a,18.9,19.0
dice,19.0,19.3
good,21.0,21.4
enough,21.4,21.7
