Transcript,Confidence
grapple reflux,0.5627908706665039
 all right,0.5804100036621094
