Transcript,Confidence
Roblox,0.8432764410972595
 make me into a square,0.5899364352226257
 grab two stacks of two blocks,0.8594951033592224
 make me into a vertical Square centered on the,0.9402369260787964
 cremated,0.9090909361839294
 one block on top,0.8273205757141113
