Transcript,Confidence
IP,0.3464077413082123
 so put 5 blocks down,0.81791752576828
 yeah all in one,0.6760661602020264
 yeah,0.8778495788574219
 and then put 7 in front of those,0.9390365481376648
 and then you can take the one on your left side and then bring it over to you right,0.8908829689025879
 yeah,0.8806565403938293
