Transcript,Confidence
yoga,0.5570322871208191
 sounds good,0.9798425436019897
