Transcript,Confidence
Sprint Crabtree Lux,0.6991428732872009
 Play Store,0.8512197732925415
 cinema by 90 how about that,0.852369487285614
 so Twisted one of them my 90 or 45 put two in the same pattern about that,0.8249209523200989
 110 fashion,0.6770016551017761
