Transcript,Confidence
so it's going to be three blocks,0.9387752413749695
 making a quarter,0.8093861937522888
 making a corner,0.7799835205078125
 yes yes,0.9876290559768677
