Transcript,Confidence
it's four in a row,0.9440973997116089
 yeah that's it,0.9448339343070984
