Transcript,Confidence
okay,0.5912848114967346
 Amy for Block scrub for,0.5045964121818542
 square make a square,0.6224308013916016
 put it right in the center,0.9070040583610535
