Transcript,Confidence
okay so you have full blocks,0.8235762715339661
 like a cross,0.9558115601539612
 I would like a,0.7707282304763794
 yeah,0.8772501945495605
 like a cross like this and you can say it as an X,0.7511357665061951
 yes,0.9392162561416626
 yeah and then two blocks on top of it diamonds,0.9169260859489441
