Transcript,Confidence
so it's like a,0.9512836933135986
 Jacquee's 4 3 2 1,0.6903756856918335
 yes and the next G,0.9096083641052246
 no,0.7853631377220154
