Word,Start (s),End (s)
I,0.0,0.2
would,0.2,0.4
like,0.4,0.6000000000000001
to,0.6000000000000001,0.9
send,0.9,1.2
alright,4.0,4.5
we're,4.5,4.8
good,4.8,5.0
