Word,Start (s),End (s)
so,0.1,0.5
you're,0.5,0.6000000000000001
going,0.6000000000000001,0.7000000000000001
to,0.7000000000000001,0.8
make,0.8,0.9
a,0.9,1.0
square,1.0,1.3
with,1.3,1.8
two,1.8,2.1
blocks,2.1,2.6
and,2.6,3.2
two,3.2,3.4
blocks,3.4,3.8
so,3.8,4.4
4,4.4,4.8
total,4.8,4.8
