Word,Start (s),End (s)
they,1.3,1.7000000000000002
can,1.7000000000000002,1.8
start,1.8,2.0
at,2.0,2.1
3,2.1,2.4
